id,title,genre,description,release_year,user_rating,mental_health_tags,sentiment_score
950396,The Gorge,"[10749, 878, 53]","Two highly trained operatives grow close from a distance after being sent to guard opposite sides of a mysterious gorge. When an evil below emerges, they must work together to survive what lies within.",2025,7.8,resilience|trauma healing,0.89
1064213,Anora,"[18, 35, 10749]","A young sex worker from Brooklyn gets her chance at a Cinderella story when she meets and impulsively marries the son of an oligarch. Once the news reaches Russia, her fairytale is threatened as his parents set out to get the marriage annulled.",2024,7.095,trauma healing|resilience,0.8
762509,Mufasa: The Lion King,"[12, 10751, 16]","Mufasa, a cub lost and alone, meets a sympathetic lion named Taka, the heir to a royal bloodline. The chance meeting sets in motion an expansive journey of a group of misfits searching for their destiny.",2024,7.466,trauma healing|resilience,0.71
1241982,Moana 2,"[16, 12, 10751, 35]","After receiving an unexpected call from her wayfinding ancestors, Moana journeys alongside Maui and a new crew to the far seas of Oceania and into dangerous, long-lost waters for an adventure unlike anything she's ever faced.",2024,7.2,trauma healing|resilience,0.85
939243,Sonic the Hedgehog 3,"[28, 878, 35, 10751]","Sonic, Knuckles, and Tails reunite against a powerful new adversary, Shadow, a mysterious villain with powers unlike anything they have faced before. With their abilities outmatched in every way, Team Sonic must seek out an unlikely alliance in hopes of stopping Shadow and protecting the planet.",2024,7.7,trauma healing|resilience,0.43
1126166,Flight Risk,"[28, 53, 80]","A U.S. Marshal escorts a government witness to trial after he's accused of getting involved with a mob boss, only to discover that the pilot who is transporting them is also a hitman sent to assassinate the informant. After they subdue him, they're forced to fly together after discovering that there are others attempting to eliminate them.",2025,6.0,resilience|trauma healing,0.71
927342,Amaran,"[28, 18, 12, 10752]","A heroic true story of Major Mukund Varadarajan, an Indian Army officer who displayed extraordinary bravery during a counterterrorism mission in Kashmir’s Shopian district. The film captures his courage in protecting his nation and the devotion of his wife Indhu Rebecaa Varghese.",2024,7.4,resilience|trauma healing,0.36
426889,Le Clitoris,"[16, 99]","Women are lucky, they get to have the only organ in the human body dedicated exclusively for pleasure: the clitoris! In this humorous and instructive animated documentary, find out its unrecognized anatomy and its unknown herstory.",2016,7.1,trauma healing|resilience,0.35
696506,Mickey 17,"[878, 35, 12]","Unlikely hero Mickey Barnes finds himself in the extraordinary circumstance of working for an employer who demands the ultimate commitment to the job… to die, for a living.",2025,7.1,resilience|trauma healing,0.75
926670,Henry Danger: The Movie,"[28, 35, 10751, 878]","Henry Hart meets a superfan—eager to fight crime with Kid Danger—who comes into possession of a device that can open up alternate realities. Facing a wild ride, Henry will need his best friend Jasper and his new superfan sidekick to find his way out or be stuck in another dimension forever.",2025,8.225,trauma healing|resilience,0.37
1160956,Panda Plan,"[28, 35]","International action star Jackie Chan is invited to the adoption ceremony of a rare baby panda, but after an international crime syndicate attempts to kidnap the bear, Jackie has to save the bear using his stunt work skills.",2024,7.027,trauma healing|resilience,0.74
822119,Captain America: Brave New World,"[28, 53, 878]","After meeting with newly elected U.S. President Thaddeus Ross, Sam finds himself in the middle of an international incident. He must discover the reason behind a nefarious global plot before the true mastermind has the entire world seeing red.",2025,6.2,resilience|trauma healing,0.37
912649,Venom: The Last Dance,"[28, 878, 12]","Eddie and Venom are on the run. Hunted by both of their worlds and with the net closing in, the duo are forced into a devastating decision that will bring the curtains down on Venom and Eddie's last dance.",2024,6.792,resilience|trauma healing,0.9
539972,Kraven the Hunter,"[28, 12, 53]","Kraven Kravinoff's complex relationship with his ruthless gangster father, Nikolai, starts him down a path of vengeance with brutal consequences, motivating him to become not only the greatest hunter in the world, but also one of its most feared.",2024,6.672,trauma healing|resilience,0.37
558449,Gladiator II,"[28, 12, 18]","Years after witnessing the death of the revered hero Maximus at the hands of his uncle, Lucius is forced to enter the Colosseum after his home is conquered by the tyrannical Emperors who now lead Rome with an iron fist. With rage in his heart and the future of the Empire at stake, Lucius must look to his past to find strength and honor to return the glory of Rome to its people.",2024,6.768,resilience|trauma healing,0.49
823219,Flow,"[16, 14, 12]","A solitary cat, displaced by a great flood, finds refuge on a boat with various species and must navigate the challenges of adapting to a transformed world together.",2024,8.32,resilience|trauma healing,0.89
1405338,Demon City,"[28, 80, 14, 53]","Framed for his family's murder and left for dead, an ex-hitman will stop at nothing to exact revenge on the masked ""demons"" who have taken over his city.",2025,6.7,trauma healing|resilience,0.46
1188104,The X-Treme Riders,"[28, 80]","A fast-paced action drama about siblings desperately needing money for their mother's treatment. Then the brother, who is the stunt performer, inevitably needs to be involved with.",2023,8.5,trauma healing|resilience,0.84
1064486,Memoir of a Snail,"[16, 18, 35]","Forcibly separated from her twin brother when they are orphaned, a melancholic misfit learns how to find confidence within herself amid the clutter of misfortunes and everyday life.",2024,7.812,resilience|trauma healing,0.77
774370,Dog Man,"[10751, 16, 35, 28]","When a faithful police dog and his human police officer owner are injured together on the job, a harebrained but life-saving surgery fuses the two of them together and Dog Man is born. Dog Man is sworn to protect and serve—and fetch, sit and roll over. As Dog Man embraces his new identity and strives to impress his Chief, he must stop the pretty evil plots of feline supervillain Petey the Cat.",2025,7.7,trauma healing|resilience,0.54
1226406,Love Hurts,"[28, 35, 10749]","A realtor is pulled back into the life he left behind after his former partner-in-crime resurfaces with an ominous message. With his crime-lord brother also on his trail, he must confront his past and the history he never fully buried.",2025,6.0,resilience|trauma healing,0.91
1140535,Presence,"[27, 18]","A couple, Rebekah and Chris, and their children, Tyler and Chloe, move into a seemingly normal suburban home. When strange occurrences occur, they begin to believe that there is something else in the house with them. The presence is about to disrupt their lives in unimaginable ways.",2025,6.0,trauma healing|resilience,0.62
1357633,Solo Leveling -ReAwakening-,"[28, 12, 14, 16]","Over a decade after 'gates' connecting worlds appeared, awakening 'hunters' with superpowers, weakest hunter Sung Jinwoo encounters a double dungeon and accepts a mysterious quest, becoming the only one able to level up, changing his fate. A catch-up recap of the first season coupled with an exclusive sneak peek of the first two episodes of the highly anticipated second season in one momentous theatrical fan experience.",2024,6.866,resilience|trauma healing,0.94
1084199,Companion,"[27, 878, 53]","During a weekend getaway at a secluded lakeside estate, a group of friends finds themselves entangled in a web of secrets, deception, and advanced technology. As tensions rise and loyalties are tested, they uncover unsettling truths about themselves and the world around them.",2025,7.0,resilience|trauma healing,0.42
549509,The Brutalist,[18],"Escaping post-war Europe, visionary architect László Toth arrives in America to rebuild his life. On his own in a strange new country, a wealthy industrialist recognizes his talent. But power and legacy come at a heavy cost...",2024,7.099,trauma healing|resilience,0.33
974576,Conclave,"[18, 53, 9648]","After the unexpected death of the Pope, Cardinal Lawrence is tasked with managing the covert and ancient ritual of electing a new one. Sequestered in the Vatican with the Catholic Church’s most powerful leaders until the process is complete, Lawrence finds himself at the center of a conspiracy that could lead to its downfall.",2024,7.159,resilience|trauma healing,0.91
1294203,My Fault: London,"[10749, 18]","18-year-old Noah moves from America to London, with her mother who's recently fallen in love with William, a wealthy British businessman. Noah meets William’s son, bad-boy Nick, and soon discovers there is an attraction between them neither can avoid. As Noah spends the summer adjusting to her new life, her devastating past will catch up with her while falling in love for the first time.",2025,7.5,resilience|trauma healing,0.92
1230208,Squad 36,"[28, 80, 18, 53]","Forced out of his elite unit, a troubled cop launches his own rogue investigation when mysterious killings claim the lives of his former colleagues.",2025,6.661,trauma healing|resilience,0.84
402431,Wicked,"[18, 10749, 14]","In the land of Oz, ostracized and misunderstood green-skinned Elphaba is forced to share a room with the popular aristocrat Glinda at Shiz University, and the two's unlikely friendship is tested as they begin to fulfill their respective destinies as Glinda the Good and the Wicked Witch of the West.",2024,6.9,resilience|trauma healing,0.41
1201012,Dhoom Dhaam,"[35, 10749, 28]","On their wedding night, an oddball couple is thrust into a chaotic chase, dodging goons and cops in a frenzied hunt for the mysterious ""Charlie.""",2025,6.5,trauma healing|resilience,0.37
1184918,The Wild Robot,"[16, 878, 10751]","After a shipwreck, an intelligent robot called Roz is stranded on an uninhabited island. To survive the harsh environment, Roz bonds with the island's animals and cares for an orphaned baby goose.",2024,8.336,trauma healing|resilience,0.73
519182,Despicable Me 4,"[16, 10751, 35, 878]","Gru and Lucy and their girls—Margo, Edith and Agnes—welcome a new member to the Gru family, Gru Jr., who is intent on tormenting his dad. Gru also faces a new nemesis in Maxime Le Mal and his femme fatale girlfriend Valentina, forcing the family to go on the run.",2024,7.058,resilience|trauma healing,0.79
1138749,The Island,"[28, 80, 53]","When his brother is killed, LAPD officer Mark leaves the city to return to the island he grew up on. Seeking answers and ultimately vengeance, he soon finds himself in a bloody battle with the corrupt tycoon who's taken over the island paradise.",2023,6.1,trauma healing|resilience,0.69
993710,Back in Action,"[28, 35]","Fifteen years after vanishing from the CIA to start a family, elite spies Matt and Emily jump back into the world of espionage when their cover is blown.",2025,6.479,resilience|trauma healing,0.57
1410082,Sniper: The Last Stand,"[28, 53]","To stop an arms dealer from unleashing a deadly superweapon, Ace sniper Brandon Beckett and Agent Zero are deployed to Costa Verde to lead a group of elite soldiers against an unrelenting militia. Taking an untested sniper under his wing, Beckett faces his newest challenge: giving orders instead of receiving them. With both time and ammo running low in a race to save humanity, the team must overcome all odds just to survive.",2025,6.7,trauma healing|resilience,0.4
1035048,Elevation,"[28, 878, 53]",A single father and two women venture from the safety of their homes to face monstrous creatures to save the life of a young boy.,2024,6.492,trauma healing|resilience,0.35
933260,The Substance,"[27, 878]","A fading celebrity decides to use a black market drug, a cell-replicating substance that temporarily creates a younger, better version of herself.",2024,7.136,resilience|trauma healing,0.64
1022789,Inside Out 2,"[16, 12, 35, 10751]","Teenager Riley's mind headquarters is undergoing a sudden demolition to make room for something entirely unexpected: new Emotions! Joy, Sadness, Anger, Fear and Disgust, who’ve long been running a successful operation by all accounts, aren’t sure how to feel when Anxiety shows up. And it looks like she’s not alone.",2024,7.559,resilience|trauma healing,0.45
1164355,Lembayung,"[27, 53]","Arum and Pica, who wanted to complete their internship at Lembayung hospital, had to face mysterious terror from a woman satan who was suspected of hanged herself in the bathroom. The situation became even more tense after they asked others for help to the point where they threatened their own lives and those closest to them.",2024,7.8,resilience|trauma healing,0.63
516729,Paddington in Peru,"[10751, 12, 35]","Paddington travels to Peru to visit his beloved Aunt Lucy, who now resides at the Home for Retired Bears. With the Brown Family in tow, a thrilling adventure ensues when a mystery plunges them into an unexpected journey through the Amazon rainforest and up to the mountain peaks of Peru.",2024,6.8,trauma healing|resilience,0.52
839033,The Lord of the Rings: The War of the Rohirrim,"[16, 14, 12, 28]","A sudden attack by Wulf, a clever and traitorous lord of Rohan seeking vengeance for the death of his father, forces Helm Hammerhand, the King of Rohan, and his people to make a daring last stand in the ancient stronghold of the Hornburg.",2024,6.7,resilience|trauma healing,0.95
1255788,The Gardener,"[28, 35]","Every year the Prime Minister has a list of all kinds of troublemakers eliminated in the name of the famous Reason of State. Serge Shuster, Special Adviser to the President of the Republic, finds himself on this list, better known as the Matignon List.  Condemned to certain death and at the heart of an implacable plot and a state secret that also put his family in danger, Serge, his wife and children have only one hope left - their gardener, Léo, who hates it when « slugs » invade his garden... Especially those that want to kill innocent families.",2025,6.3,trauma healing|resilience,0.35
1352774,Piglet,[27],"On Kate's 21st birthday camping trip, her friends encounter Piglet, a monstrous human-pig hybrid who brutally murders one of them. They uncover Piglet's origins and Kate must confront her past to survive the relentless killer.",2025,5.7,resilience|trauma healing,0.44
1249289,Alarum,"[28, 80, 53]","Two married spies caught in the crosshairs of an international intelligence network will stop at nothing to obtain a critical asset. Joe and Lara are agents living off the grid whose quiet retreat at a winter resort is blown to shreds when members of the old guard suspect the two may have joined an elite team of rogue spies, known as Alarum.",2025,5.736,resilience|trauma healing,0.51
974576,Conclave,"[18, 53, 9648]","After the unexpected death of the Pope, Cardinal Lawrence is tasked with managing the covert and ancient ritual of electing a new one. Sequestered in the Vatican with the Catholic Church’s most powerful leaders until the process is complete, Lawrence finds himself at the center of a conspiracy that could lead to its downfall.",2024,7.2,trauma healing|resilience,0.43
710295,Wolf Man,"[27, 53]","With his marriage fraying, Blake persuades his wife Charlotte to take a break from the city and visit his remote childhood home in rural Oregon. As they arrive at the farmhouse in the dead of night, they're attacked by an unseen animal and barricade themselves inside the home as the creature prowls the perimeter. But as the night stretches on, Blake begins to behave strangely, transforming into something unrecognizable.",2025,6.467,trauma healing|resilience,0.45
1294203,My Fault: London,"[10749, 18]","18-year-old Noah moves from America to London, with her mother who's recently fallen in love with William, a wealthy British businessman. Noah meets William’s son, bad-boy Nick, and soon discovers there is an attraction between them neither can avoid. As Noah spends the summer adjusting to her new life, her devastating past will catch up with her while falling in love for the first time.",2025,7.5,resilience|trauma healing,0.75
1422179,The Wrong Track,"[35, 18]","When chaotic single mother Emilie hits a new low, she looks to her brother for help. He has a brilliant plan: to enter a cross-country ski marathon.",2025,6.357,resilience|trauma healing,0.55
573435,Bad Boys: Ride or Die,"[28, 35, 80, 53, 12]","After their late former Captain is framed, Lowrey and Burnett try to clear his name, only to end up on the run themselves.",2024,7.4,trauma healing|resilience,0.75
1043905,Dirty Angels,"[28, 18, 53, 10752]","During the United States' 2021 withdrawal from Afghanistan, a group of female soldiers posing as medical relief are sent back in to rescue a group of kidnapped teenagers caught between ISIS and the Taliban.",2024,6.2,resilience|trauma healing,0.39
1356039,Counterattack,"[28, 12, 53]","When a hostage rescue mission creates a new enemy, Capt. Guerrero and his elite soldiers must face an ambush by a criminal group.",2025,8.675,trauma healing|resilience,0.83
921436,Escape,"[28, 18]","After completing his required decade of military service and being honored as a hero, a North Korean sergeant makes a sudden shocking attempt to defect to the South, risking life and limb for the chance to finally determine his own destiny.",2024,7.2,resilience|trauma healing,0.45
1006724,Dead Talents Society,"[27, 35, 53]",Follows ghosts who want to become the spookiest of urban legends and most successful and famous stars in the underworld through their scare tactics and performances amongst the living.,2024,6.9,resilience|trauma healing,0.59
717196,Niko: Beyond the Northern Lights,"[16, 10751, 14]","Niko the reindeer joins his father in Santa's Flying Forces, but when Santa's sleigh is stolen by an acquaintance, Niko must find it in time for Christmas.",2024,7.6,resilience|trauma healing,0.62
1097549,Babygirl,[18],A high-powered CEO puts her career and family on the line when she begins a torrid affair with her much younger intern.,2024,5.8,trauma healing|resilience,0.53
1138749,The Island,"[28, 80, 53]","When his brother is killed, LAPD officer Mark leaves the city to return to the island he grew up on. Seeking answers and ultimately vengeance, he soon finds himself in a bloody battle with the corrupt tycoon who's taken over the island paradise.",2023,6.1,trauma healing|resilience,0.86
993710,Back in Action,"[28, 35]","Fifteen years after vanishing from the CIA to start a family, elite spies Matt and Emily jump back into the world of espionage when their cover is blown.",2025,6.476,trauma healing|resilience,0.83
157336,Interstellar,"[12, 18, 878]",The adventures of a group of explorers who make use of a newly discovered wormhole to surpass the limitations on human space travel and conquer the vast distances involved in an interstellar voyage.,2014,8.452,trauma healing|resilience,0.9
385687,Fast X,"[28, 80, 53, 12, 9648]","Over many missions and against impossible odds, Dom Toretto and his family have outsmarted, out-nerved and outdriven every foe in their path. Now, they confront the most lethal opponent they've ever faced: A terrifying threat emerging from the shadows of the past who's fueled by blood revenge, and who is determined to shatter this family and destroy everything—and everyone—that Dom loves, forever.",2023,7.1,trauma healing|resilience,0.82
533535,Deadpool & Wolverine,"[28, 35, 878]","A listless Wade Wilson toils away in civilian life with his days as the morally flexible mercenary, Deadpool, behind him. But when his homeworld faces an existential threat, Wade must reluctantly suit-up again with an even more reluctant Wolverine.",2024,7.618,resilience|trauma healing,0.52
1422179,The Wrong Track,"[35, 18]","When chaotic single mother Emilie hits a new low, she looks to her brother for help. He has a brilliant plan: to enter a cross-country ski marathon.",2025,6.357,trauma healing|resilience,0.8
573435,Bad Boys: Ride or Die,"[28, 35, 80, 53, 12]","After their late former Captain is framed, Lowrey and Burnett try to clear his name, only to end up on the run themselves.",2024,7.4,trauma healing|resilience,0.48
1147416,"Miraculous World, London: At the Edge of Time","[16, 12, 28, 14]","To save the future from a terrible fate, Marinette becomes Chronobug and teams up with Bunnyx to defeat a mysterious opponent who travels through time. Who is this new supervillain, and why are they obsessed with exposing Marinette's secret superhero identity? Marinette's only hope is to defeat her new opponent to prevent the end of Ladybug and time itself!",2024,7.277,trauma healing|resilience,0.47
808,Shrek,"[16, 35, 14, 12, 10751]","It ain't easy bein' green -- especially if you're a likable (albeit smelly) ogre named Shrek. On a mission to retrieve a gorgeous princess from the clutches of a fire-breathing dragon, Shrek teams up with an unlikely compatriot -- a wisecracking donkey.",2001,7.747,resilience|trauma healing,0.4
1043905,Dirty Angels,"[28, 18, 53, 10752]","During the United States' 2021 withdrawal from Afghanistan, a group of female soldiers posing as medical relief are sent back in to rescue a group of kidnapped teenagers caught between ISIS and the Taliban.",2024,6.2,trauma healing|resilience,0.74
1118031,Apocalypse Z: The Beginning of the End,"[18, 28, 27]","When a kind of rabies that transforms people into aggressive creatures spreads across the planet, Manel isolates himself at home with his cat, relying on his wits to survive; but soon they must go out in search of food, by land and by sea, dodging many dangers.",2024,6.717,resilience|trauma healing,0.41
1124620,The Monkey,"[27, 35]","When twin brothers find a mysterious wind-up monkey, a series of outrageous deaths tear their family apart. Twenty-five years later, the monkey begins a new killing spree forcing the estranged brothers to confront the cursed toy.",2025,6.0,resilience|trauma healing,0.79
299536,Avengers: Infinity War,"[12, 28, 878]","As the Avengers and their allies have continued to protect the world from threats too large for any one hero to handle, a new danger has emerged from the cosmic shadows: Thanos. A despot of intergalactic infamy, his goal is to collect all six Infinity Stones, artifacts of unimaginable power, and use them to inflict his twisted will on all of reality. Everything the Avengers have fought for has led up to this moment - the fate of Earth and existence itself has never been more uncertain.",2018,8.2,trauma healing|resilience,0.86
921436,Escape,"[28, 18]","After completing his required decade of military service and being honored as a hero, a North Korean sergeant makes a sudden shocking attempt to defect to the South, risking life and limb for the chance to finally determine his own destiny.",2024,7.2,trauma healing|resilience,0.53
1006724,Dead Talents Society,"[27, 35, 53]",Follows ghosts who want to become the spookiest of urban legends and most successful and famous stars in the underworld through their scare tactics and performances amongst the living.,2024,6.9,resilience|trauma healing,0.73
995926,"I, the Executioner","[28, 80]","The veteran detective Seo Do-cheol and his team at Major Crimes, relentless in their pursuit of criminals, join forces with rookie cop Park Sun-woo to track down a serial killer who has plunged the nation into turmoil.",2024,7.1,trauma healing|resilience,0.72
717196,Niko: Beyond the Northern Lights,"[16, 10751, 14]","Niko the reindeer joins his father in Santa's Flying Forces, but when Santa's sleigh is stolen by an acquaintance, Niko must find it in time for Christmas.",2024,7.6,trauma healing|resilience,0.73
259872,Skin. Like. Sun.,[10749],"Real-life young couple Wim and Floor spend an afternoon in the sunwashed rooms of a crumbling home in Belgium. In a unique twist, this artistic erotic documentary is edited in nearly real-time. In the slowness, we get the build, the sweetness, and the sexiness. Forget about fingersnapping fast editing. Slow is where it’s at.",2009,5.6,resilience|trauma healing,0.58
1097549,Babygirl,[18],A high-powered CEO puts her career and family on the line when she begins a torrid affair with her much younger intern.,2024,5.8,trauma healing|resilience,0.83
945961,Alien: Romulus,"[27, 878]","While scavenging the deep ends of a derelict space station, a group of young space colonizers come face to face with the most terrifying life form in the universe.",2024,7.2,trauma healing|resilience,0.86
970450,Werewolves,"[28, 27, 53]","A year after a supermoon’s light activated a dormant gene, transforming humans into bloodthirsty werewolves and causing nearly a billion deaths, the nightmare resurfaces as the supermoon rises again. Two scientists attempt to stop the mutation but fail and must now struggle to reach one of their family homes.",2024,6.2,trauma healing|resilience,0.44
157336,Interstellar,"[12, 18, 878]",The adventures of a group of explorers who make use of a newly discovered wormhole to surpass the limitations on human space travel and conquer the vast distances involved in an interstellar voyage.,2014,8.5,trauma healing|resilience,0.48
385687,Fast X,"[28, 80, 53, 12, 9648]","Over many missions and against impossible odds, Dom Toretto and his family have outsmarted, out-nerved and outdriven every foe in their path. Now, they confront the most lethal opponent they've ever faced: A terrifying threat emerging from the shadows of the past who's fueled by blood revenge, and who is determined to shatter this family and destroy everything—and everyone—that Dom loves, forever.",2023,7.1,resilience|trauma healing,0.74
12236,Speed Zone,"[35, 28]","An illegal race that takes place over the United States and nothing will stop this bunch of racers except for the occasional cop or a damsel in distress. Jackie Chan's car is not in this one, but many new cars make up for that. Who will win? Who will crash? Who will not even finish? Sit down and buckle up for the ride of your life.",1989,4.5,trauma healing|resilience,0.39
1252309,Ask Me What You Want,"[10749, 18]","After his father's death, Eric Zimmerman travels to Spain to oversee his company's branches. In Madrid, he falls for Judith and engage in an intense, erotic relationship full of exploration. However, Eric fears his secret may end their affair.",2024,6.165,resilience|trauma healing,0.95
777443,The Electric State,"[18, 12, 878, 28]","An orphaned teen hits the road with a mysterious robot to find her long-lost brother, teaming up with a smuggler and his wisecracking sidekick.",2025,7.0,trauma healing|resilience,0.95
135348,Tabu,[18],"Solidarity with the border people. Equal rights for the sexual  deviants. Kristoffer Lohman is a young solicitor who collects stories and knowledge of different perversions. This has affected and changed his own sexual life. Sara, a young well-behaved and adorned woman, becomes interested in Kristoffer's activity.",1977,5.0,resilience|trauma healing,0.46
1114894,Star Trek: Section 31,"[878, 12, 28]",Emperor Philippa Georgiou joins a secret division of Starfleet tasked with protecting the United Federation of Planets and faces the sins of her past.,2025,4.8,resilience|trauma healing,0.81
1100782,Smile 2,"[27, 9648]","About to embark on a new world tour, global pop sensation Skye Riley begins experiencing increasingly terrifying and inexplicable events. Overwhelmed by the escalating horrors and the pressures of fame, Skye is forced to face her dark past to regain control of her life before it spirals out of control.",2024,6.6,trauma healing|resilience,0.78
799766,Better Man,"[10402, 18]","Follow Robbie Williams' journey from childhood, to being the youngest member of chart-topping boyband Take That, through to his unparalleled achievements as a record-breaking solo artist – all the while confronting the challenges that stratospheric fame and success can bring.",2024,7.7,resilience|trauma healing,0.78
693134,Dune: Part Two,"[878, 12]","Follow the mythic journey of Paul Atreides as he unites with Chani and the Fremen while on a path of revenge against the conspirators who destroyed his family. Facing a choice between the love of his life and the fate of the known universe, Paul endeavors to prevent a terrible future only he can foresee.",2024,8.1,resilience|trauma healing,0.94
1203329,The Witcher: Sirens of the Deep,"[16, 14, 28]","Geralt of Rivia, a mutated monster hunter, is hired to investigate a series of attacks in a seaside village and finds himself drawn into a centuries-old conflict between humans and merpeople. He must count on friends — old and new — to solve the mystery before the hostilities between the two kingdoms escalate into an all-out war.",2025,6.9,resilience|trauma healing,0.87
10192,Shrek Forever After,"[35, 12, 14, 16, 10751]","A bored and domesticated Shrek pacts with deal-maker Rumpelstiltskin to get back to feeling like a real ogre again, but when he's duped and sent to a twisted version of Far Far Away—where Rumpelstiltskin is king, ogres are hunted, and he and Fiona have never met—he sets out to restore his world and reclaim his true love.",2010,6.38,resilience|trauma healing,0.55
1000837,I'm Still Here,"[18, 36]","In 1971, military dictatorship in Brazil reaches its height. The Paiva family — Rubens, Eunice, and their five children — live in a beachside house in Rio, open to all their friends. One day, Rubens is taken for questioning and does not return.",2024,7.982,trauma healing|resilience,0.8
974950,Emilia Pérez,"[18, 53]","Rita, an underrated lawyer working for a large law firm more interested in getting criminals out of jail than bringing them to justice, is hired by the leader of a criminal organization.",2024,6.8,trauma healing|resilience,0.89
1034541,Terrifier 3,"[27, 53]","Five years after surviving Art the Clown's Halloween massacre, Sienna and Jonathan are still struggling to rebuild their shattered lives. As the holiday season approaches, they try to embrace the Christmas spirit and leave the horrors of the past behind. But just when they think they're safe, Art returns, determined to turn their holiday cheer into a new nightmare. The festive season quickly unravels as Art unleashes his twisted brand of terror, proving that no holiday is safe.",2024,6.9,resilience|trauma healing,0.74
1029235,Azrael,"[28, 27, 53]","In a world where no one speaks, a devout female hunts down a young woman who has escaped her imprisonment. Recaptured by its ruthless leaders, Azrael is due to be sacrificed to pacify an ancient evil deep within the surrounding wilderness.",2024,6.0,trauma healing|resilience,0.45
1241752,Rita,[18],"Rita, who finds herself alone when husband Ariel works abroad. They both find solace and sexual satisfaction in other people. When Ariel comes back, they both act like nothing happened. But will this keep their marriage from falling apart?",2024,6.7,resilience|trauma healing,0.53
698687,Transformers One,"[16, 878, 12, 10751]","The untold origin story of Optimus Prime and Megatron, better known as sworn enemies, but once were friends bonded like brothers who changed the fate of Cybertron forever.",2024,8.1,resilience|trauma healing,0.79
324568,Delinquent in Drag,"[16, 35, 28]","Does being the only guy in an all girl school sound like paradise? It might be, if the girls knew you were a guy, but to stay in school teenage pervert Banji can't let can't let anyone find out his chromosomes don't match. Banji's status conscious parents want him to go to a good school, but not enough to spend the money on a good co-ed school. Now, in addition to studying math and science, Banji has to learn how to put on a bra and makeup. His life has become a living hell. Not only is he at the bottom of the social pecking order, he must also got to conceal his inner-masculinity from the pretty classmate girl who's stolen his heart while avoiding the female bullies who threaten to expose his less-than-feminine charms in the locker room.",1992,5.4,resilience|trauma healing,0.78
1099413,The Rogue's Trial,"[35, 18]","After 20 years missing, João Grilo returns to Taperoá to join his old friend Chicó and, after his story of resurrection spreads, he is disputed as an electoral candidate by the two most powerful politicians in the city.",2024,7.1,resilience|trauma healing,0.48
936621,Sex Game 6969,"[35, 18, 10749]","Three married women had always been dissatisfied sexually with their husbands, and Hyoji, who recently divorced due to her husband's erectile dysfunction. They gathered after a long time and had a drink complaining to each other, and they received a business card from an unidentified handsome man, saying, ""Don't you want to play tteok pounding game?"" The four of them head to the meeting place and meet suspicious agents who were waiting for them.",2022,6.028,trauma healing|resilience,0.53
597,Titanic,"[18, 10749]","101-year-old Rose DeWitt Bukater tells the story of her life aboard the Titanic, 84 years later. A young Rose boards the ship with her mother and fiancé. Meanwhile, Jack Dawson and Fabrizio De Rossi win third-class tickets aboard the ship. Rose tells the whole story from Titanic's departure through to its death—on its first and last voyage—on April 15, 1912.",1997,7.906,trauma healing|resilience,0.34
1138194,Heretic,"[27, 53]","Two young missionaries are forced to prove their faith when they knock on the wrong door and are greeted by a diabolical Mr. Reed, becoming ensnared in his deadly game of cat-and-mouse.",2024,7.142,trauma healing|resilience,0.44
1081012,Aftermath,"[28, 53]","A returning war veteran, stricken with PTSD, gets trapped with his teenage sister on Boston's Tobin Memorial Bridge when a heavily armed group of ex-military revolutionaries take everyone hostage.",2024,6.4,trauma healing|resilience,0.79
278,The Shawshank Redemption,"[18, 80]","Imprisoned in the 1940s for the double murder of his wife and her lover, upstanding banker Andy Dufresne begins a new life at the Shawshank prison, where he puts his accounting skills to work for an amoral warden. During his long stretch in prison, Dufresne comes to be admired by the other inmates -- including an older prisoner named Red -- for his integrity and unquenchable sense of hope.",1994,8.708,trauma healing|resilience,0.75
1005331,Carry-On,"[53, 28]",An airport security officer races to outsmart a mysterious traveler forcing him to let a dangerous item slip onto a Christmas Eve flight.,2024,6.9,trauma healing|resilience,0.73
120,The Lord of the Rings: The Fellowship of the Ring,"[12, 14, 28]","Young hobbit Frodo Baggins, after inheriting a mysterious ring from his uncle Bilbo, must leave his home in order to keep it from falling into the hands of its evil creator. Along the way, a fellowship is formed to protect the ringbearer and make sure that the ring arrives at its final destination: Mt. Doom, the only place where it can be destroyed.",2001,8.4,resilience|trauma healing,0.49
829557,365 Days: This Day,"[10749, 18]","Laura and Massimo are back and hotter than ever. But the reunited couple's new beginning is complicated by Massimo’s family ties and a mysterious man who enters Laura’s life to win her heart and trust, at any cost.",2022,5.9,trauma healing|resilience,0.35
671,Harry Potter and the Philosopher's Stone,"[12, 14]","Harry Potter has lived under the stairs at his aunt and uncle's house his whole life. But on his 11th birthday, he learns he's a powerful wizard—with a place waiting for him at the Hogwarts School of Witchcraft and Wizardry. As he learns to harness his newfound powers with the help of the school's kindly headmaster, Harry uncovers the truth about his parents' deaths—and about the villain who's to blame.",2001,7.9,trauma healing|resilience,0.52
1104390,Anatema,[27],"Juana is a nun with a strong character marked by a paranormal experience. A mysterious order from the Archbishopric will take her to an old church in old Madrid, built on a network of passageways of unknown origin. There, Juana will discover that in the bowels of the building there is something prior to the legends that are explained about that place. And the Evil that lives there has begun to infect the exterior.",2024,6.0,trauma healing|resilience,0.73
1222064,River of Blood,"[27, 53]",Four kayakers take the wrong river into a jungle inhabited by a tribe of merciless cannibals.,2024,6.306,resilience|trauma healing,0.88
1280672,One of Them Days,[35],"Best friends and roommates Dreux and Alyssa are about to have One of Them Days. When they discover Alyssa’s boyfriend has blown their rent money, the duo finds themselves going to extremes in a comical race against the clock to avoid eviction and keep their friendship intact.",2025,6.8,trauma healing|resilience,0.59
929204,Wallace & Gromit: Vengeance Most Fowl,"[16, 35, 10751, 12]","Gromit’s concern that Wallace is becoming too dependent on his inventions proves justified, when Wallace invents a “smart” gnome that seems to develop a mind of its own. When it emerges that a vengeful figure from the past might be masterminding things, it falls to Gromit to battle sinister forces and save his master… or Wallace may never be able to invent again!",2024,7.6,resilience|trauma healing,0.67
58008,Night Nurse,[35],"A dentist invites a elderly patient to stay at his home to recover, unaware that he is a jewel thief. He plans to steal a valuable diamond but then runs into a beautiful nurse who, aside from constantly stripping nude, has plans of her own.",1979,5.2,trauma healing|resilience,0.81
1249013,Jugaremos en el bosque,[27],"After the death of his son, Javier hopes that restoring his family's abandoned ranch will allow him and his wife Mariana, who attempted suicide, a new beginning, but his grandmother refuses.",2024,7.095,resilience|trauma healing,0.32
249578,Tabu,"[35, 10402]","The fictional encounter in Rio de Janeiro, Brazil (in the 30s) between popular songwriter Lamartine Babo and inconoclast poet and playwright Oswald de Andrade.",1983,6.1,resilience|trauma healing,0.69
7451,xXx,"[28, 12, 53, 80]","Xander Cage is your standard adrenaline junkie with no fear and a lousy attitude. When the US Government ""recruits"" him to go on a mission, he's not exactly thrilled. His mission: to gather information on an organization that may just be planning the destruction of the world, led by the nihilistic Yorgi.",2002,5.9,resilience|trauma healing,0.51
978796,Bagman,"[27, 53]","For centuries and across cultures, parents have warned their children of the legendary Bagman, who snatches innocent children and stuffs them into his vile, rotting bag—never to be seen again. Patrick McKee narrowly escaped such an encounter as a boy, which left him with lasting scars throughout his adulthood. Now, Patrick’s childhood tormentor has returned, threatening the safety of his wife Karina and son Jake.",2024,6.3,resilience|trauma healing,0.31
980477,Ne Zha 2,"[16, 14, 12]","After the Tribulation, although the souls of Ne Zha and Ao Bing were preserved, their physical bodies would soon be completely destroyed. Tai Yi Zhen Ren plans to use the Seven Colored Lotus to reshape their physical forms. But in the process of reshaping, they encounter numerous difficulties. Where will the fate of Ne Zha and Ao Bing go?",2025,7.813,resilience|trauma healing,0.38
76600,Avatar: The Way of Water,"[878, 12, 28]","Set more than a decade after the events of the first film, learn the story of the Sully family (Jake, Neytiri, and their kids), the trouble that follows them, the lengths they go to keep each other safe, the battles they fight to stay alive, and the tragedies they endure.",2022,7.6,resilience|trauma healing,0.64
155,The Dark Knight,"[18, 28, 80, 53]","Batman raises the stakes in his war on crime. With the help of Lt. Jim Gordon and District Attorney Harvey Dent, Batman sets out to dismantle the remaining criminal organizations that plague the streets. The partnership proves to be effective, but they soon find themselves prey to a reign of chaos unleashed by a rising criminal mastermind known to the terrified citizens of Gotham as the Joker.",2008,8.5,resilience|trauma healing,0.77
957119,Sidelined: The QB and Me,"[35, 10749]","Dallas, a burdened but headstrong dancer, is determined to get into the best dance school in the country—her late mother’s alma mater. However, that dream is suddenly derailed when the cheeky yet secretly grieving football star, Drayton, crashes into her life with a unique story of his own. Will the two of them be able to grow into their dreams together, or will their dreams be sidelined?",2025,5.838,trauma healing|resilience,0.4
810,Shrek the Third,"[14, 12, 16, 35, 10751]","The King of Far Far Away has died and Shrek and Fiona are to become King & Queen. However, Shrek wants to return to his cozy swamp and live in peace and quiet, so when he finds out there is another heir to the throne, they set off to bring him back to rule the kingdom.",2007,6.297,resilience|trauma healing,0.53
1011985,Kung Fu Panda 4,"[16, 10751, 28, 35]","Po is gearing up to become the spiritual leader of his Valley of Peace, but also needs someone to take his place as Dragon Warrior. As such, he will train a new kung fu practitioner for the spot and will encounter a villain called the Chameleon who conjures villains from the past.",2024,7.1,trauma healing|resilience,0.6
1051896,Arcadian,"[28, 27, 53, 878]","In the near future, on a decimated Earth, Paul and his twin sons face terror at night when ferocious creatures awaken. When Paul is nearly killed, the boys come up with a plan for survival, using everything their father taught them to keep him alive.",2024,6.1,trauma healing|resilience,0.48
24428,The Avengers,"[878, 28, 12]","When an unexpected enemy emerges and threatens global safety and security, Nick Fury, director of the international peacekeeping agency known as S.H.I.E.L.D., finds himself in need of a team to pull the world back from the brink of disaster. Spanning the globe, a daring recruitment effort begins!",2012,7.73,resilience|trauma healing,0.37
335984,Blade Runner 2049,"[878, 18]","Thirty years after the events of the first film, a new blade runner, LAPD Officer K, unearths a long-buried secret that has the potential to plunge what's left of society into chaos. K's discovery leads him on a quest to find Rick Deckard, a former LAPD blade runner who has been missing for 30 years.",2017,7.6,resilience|trauma healing,0.31
198663,The Maze Runner,"[28, 9648, 878, 53]","Set in a post-apocalyptic world, young Thomas is deposited in a community of boys after his memory is erased, soon learning they're all trapped in a maze that will require him to join forces with fellow “runners” for a shot at escape.",2014,7.188,trauma healing|resilience,0.55
1241320,Kingdom IV: Return of the Great General,"[28, 12]","Depicts a continuation of the ""Battle of Mayang"", an all-out war against the neighboring country Zhao that Shin and Wang Ki fought in in the previous work ""Flame of Fate"".",2024,6.796,trauma healing|resilience,0.89
950387,A Minecraft Movie,"[12, 14, 10751, 35]","Four misfits find themselves struggling with ordinary problems when they are suddenly pulled through a mysterious portal into the Overworld: a bizarre, cubic wonderland that thrives on imagination. To get back home, they'll have to master this world while embarking on a magical quest with an unexpected, expert crafter, Steve.",2025,0.0,trauma healing|resilience,0.31
604685,Den of Thieves 2: Pantera,"[28, 80, 53]","Big Nick is back on the hunt in Europe and closing in on Donnie, who is embroiled in the treacherous and unpredictable world of diamond thieves and the infamous Panther mafia, as they plot a massive heist of the world's largest diamond exchange.",2025,6.7,resilience|trauma healing,0.52
1293263,The Curse of the Necklace,"[27, 9648, 53]","After separating due to his unpredictable alcohol infused temper, Frank try to win his wife Laura back by giving her a beautiful antique necklace he finds in an old 1938 evidence bag at the station. Unfortunately, the necklace is a conduit for the tormented soul of an evil boy from long ago, and Laura and her daughters find themselves in terrible danger from a little boy who no longer exists.",2024,5.9,trauma healing|resilience,0.3
675353,Sonic the Hedgehog 2,"[28, 12, 10751, 35]","After settling in Green Hills, Sonic is eager to prove he has what it takes to be a true hero. His test comes when Dr. Robotnik returns, this time with a new partner, Knuckles, in search for an emerald that has the power to destroy civilizations. Sonic teams up with his own sidekick, Tails, and together they embark on a globe-trotting journey to find the emerald before it falls into the wrong hands.",2022,7.479,trauma healing|resilience,0.45
361743,Top Gun: Maverick,"[28, 18]","After more than thirty years of service as one of the Navy’s top aviators, and dodging the advancement in rank that would ground him, Pete “Maverick” Mitchell finds himself training a detachment of TOP GUN graduates for a specialized mission the likes of which no living pilot has ever seen.",2022,8.185,trauma healing|resilience,0.32
791042,Levels,"[28, 878, 53]","After witnessing his girlfriend's murder, a man risks everything - including reality itself - to discover the truth.",2024,5.6,trauma healing|resilience,0.6
1147710,Hijack 1971,"[28, 53, 80]","Pilots Tae-in and Gyu-sik are set to fly to Gimpo. Under the guidance of flight attendant Ok-soon, passengers are busy boarding. However, shortly after takeoff, a homemade bomb explodes, turning the cabin into chaos.",2024,6.4,trauma healing|resilience,0.67
122,The Lord of the Rings: The Return of the King,"[12, 14, 28]","As armies mass for a final battle that will decide the fate of the world--and powerful, ancient forces of Light and Dark compete to determine the outcome--one member of the Fellowship of the Ring is revealed as the noble heir to the throne of the Kings of Men. Yet, the sole hope for triumph over evil lies with a brave hobbit, Frodo, who, accompanied by his loyal friend Sam and the hideous, wretched Gollum, ventures deep into the very dark heart of Mordor on his seemingly impossible quest to destroy the Ring of Power.​",2003,8.481,trauma healing|resilience,0.85
1017066,Heaven in Hell,"[18, 10749]","Olga and Maks are 15 years away. She is a successful woman with an established position, the mother of an adult daughter, he is a handsome young man who enjoys his life in a handful and lives only in the moment. It might seem that these two different worlds will never meet, and yet fate put them in the way.",2023,6.8,resilience|trauma healing,0.93
653346,Kingdom of the Planet of the Apes,"[878, 12, 28, 18, 53]","Several generations following Caesar's reign, apes – now the dominant species – live harmoniously while humans have been reduced to living in the shadows. As a new tyrannical ape leader builds his empire, one young ape undertakes a harrowing journey that will cause him to question all he's known about the past and to make choices that will define a future for apes and humans alike.",2024,7.089,resilience|trauma healing,0.81
634649,Spider-Man: No Way Home,"[28, 12, 878]","Peter Parker is unmasked and no longer able to separate his normal life from the high-stakes of being a super-hero. When he asks for help from Doctor Strange the stakes become even more dangerous, forcing him to discover what it truly means to be Spider-Man.",2021,7.949,resilience|trauma healing,0.94
1078600,Marked Men: Rule + Shaw,"[10749, 18]","Shaw Landon has loved Rule Archer from the moment she laid eyes on him. Rule, a fiery-tempered rebel tattoo artist, doesn’t have time for a good girl pre-med student like Shaw — even if she’s the only one who can see the person he truly is. She lives by other people’s rules; he makes his own. But a short skirt, too many birthday cocktails, and spilled secrets lead to a night neither can forget. Now, Shaw and Rule must figure out how a girl like her and a guy like him are supposed to be together without destroying their love…or each other.",2025,6.8,trauma healing|resilience,0.85
1013850,A Real Pain,"[35, 18]",Mismatched cousins David and Benji reunite for a tour through Poland to honor their beloved grandmother. The adventure takes a turn when the pair's old tensions resurface against the backdrop of their family history.,2024,6.8,resilience|trauma healing,0.9
1216191,Oddity,"[27, 9648]","After the brutal murder of her twin sister, Darcy goes after those responsible by using haunted items as her tools for revenge.",2024,6.7,resilience|trauma healing,0.4
502356,The Super Mario Bros. Movie,"[16, 10751, 12, 14, 35]","While working underground to fix a water main, Brooklyn plumbers—and brothers—Mario and Luigi are transported down a mysterious pipe and wander into a magical new world. But when the brothers are separated, Mario embarks on an epic quest to find Luigi.",2023,7.6,trauma healing|resilience,0.65
1017066,Heaven in Hell,"[18, 10749]","Olga and Maks are 15 years away. She is a successful woman with an established position, the mother of an adult daughter, he is a handsome young man who enjoys his life in a handful and lives only in the moment. It might seem that these two different worlds will never meet, and yet fate put them in the way.",2023,6.8,resilience|trauma healing,0.94
653346,Kingdom of the Planet of the Apes,"[878, 12, 28, 18, 53]","Several generations following Caesar's reign, apes – now the dominant species – live harmoniously while humans have been reduced to living in the shadows. As a new tyrannical ape leader builds his empire, one young ape undertakes a harrowing journey that will cause him to question all he's known about the past and to make choices that will define a future for apes and humans alike.",2024,7.1,resilience|trauma healing,0.63
634649,Spider-Man: No Way Home,"[28, 12, 878]","Peter Parker is unmasked and no longer able to separate his normal life from the high-stakes of being a super-hero. When he asks for help from Doctor Strange the stakes become even more dangerous, forcing him to discover what it truly means to be Spider-Man.",2021,7.949,resilience|trauma healing,0.92
1078600,Marked Men: Rule + Shaw,"[10749, 18]","Shaw Landon has loved Rule Archer from the moment she laid eyes on him. Rule, a fiery-tempered rebel tattoo artist, doesn’t have time for a good girl pre-med student like Shaw — even if she’s the only one who can see the person he truly is. She lives by other people’s rules; he makes his own. But a short skirt, too many birthday cocktails, and spilled secrets lead to a night neither can forget. Now, Shaw and Rule must figure out how a girl like her and a guy like him are supposed to be together without destroying their love…or each other.",2025,6.667,trauma healing|resilience,0.72
1013850,A Real Pain,"[35, 18]",Mismatched cousins David and Benji reunite for a tour through Poland to honor their beloved grandmother. The adventure takes a turn when the pair's old tensions resurface against the backdrop of their family history.,2024,6.763,trauma healing|resilience,0.4
1216191,Oddity,"[27, 9648]","After the brutal murder of her twin sister, Darcy goes after those responsible by using haunted items as her tools for revenge.",2024,6.7,resilience|trauma healing,0.68
502356,The Super Mario Bros. Movie,"[16, 10751, 12, 14, 35]","While working underground to fix a water main, Brooklyn plumbers—and brothers—Mario and Luigi are transported down a mysterious pipe and wander into a magical new world. But when the brothers are separated, Mario embarks on an epic quest to find Luigi.",2023,7.628,trauma healing|resilience,0.72
1426674,A Copenhagen Love Story,"[10749, 18]","After author Mia finds love with single father Emil, their happiness is put to the test as they undergo fertility treatments to have kids of their own.",2025,6.6,resilience|trauma healing,0.44
786892,Furiosa: A Mad Max Saga,"[28, 878, 12]","As the world falls, young Furiosa is snatched from the Green Place of Many Mothers into the hands of a great biker horde led by the warlord Dementus. Sweeping through the wasteland, they encounter the citadel presided over by Immortan Joe. The two tyrants wage war for dominance, and Furiosa must survive many trials as she puts together the means to find her way home.",2024,7.487,trauma healing|resilience,0.35
1159311,My Hero Academia: You're Next,"[16, 28, 12, 878]","In a society devastated by the effects of an all-out war between heroes and villains, a mysterious giant fortress suddenly appears, engulfing towns and people one after another. Then, a man reminiscent of All Might, the 'symbol of peace', stands in front of Izuku and his friends...",2024,6.8,resilience|trauma healing,0.76
592695,Pleasure,[18],"19 year old Linnéa leaves her small town in Sweden and heads for Los Angeles with the aim of becoming the world's next big porn star, but the road to her goal turns out to be bumpier than she imagined.",2021,6.2,resilience|trauma healing,0.91
1235623,Eye for an Eye 2,"[28, 18]","The blind swordsman, skilled in martial arts, named Cheng Xiazi (Xie Miao), accidentally saves Zhang Xiaoyu (Yang Enyou), who has suffered from the destruction of his family. Under the persuasion of the orphan Xiaoyu, Cheng reluctantly keeps him by his side and teaches him skills. Xiaoyu also waits for the opportunity to seek revenge.",2024,6.2,resilience|trauma healing,0.53
569094,Spider-Man: Across the Spider-Verse,"[16, 28, 12, 878]","After reuniting with Gwen Stacy, Brooklyn’s full-time, friendly neighborhood Spider-Man is catapulted across the Multiverse, where he encounters the Spider Society, a team of Spider-People charged with protecting the Multiverse’s very existence. But when the heroes clash on how to handle a new threat, Miles finds himself pitted against the other Spiders and must set out on his own to save those he loves most.",2023,8.347,resilience|trauma healing,0.44
27205,Inception,"[28, 878, 12]","Cobb, a skilled thief who commits corporate espionage by infiltrating the subconscious of his targets is offered a chance to regain his old life as payment for a task considered to be impossible: ""inception"", the implantation of another person's idea into a target's subconscious.",2010,8.4,resilience|trauma healing,0.8
1196470,Survive,"[878, 53, 12, 28]",A couple celebrates their son’s birthday in the middle of the ocean on their boat. A violent storm hits and it brings up hungry creatures from the depths and they fight for their survival.,2024,5.948,resilience|trauma healing,0.36
748783,The Garfield Movie,"[16, 35, 10751, 12]","Garfield, the world-famous, Monday-hating, lasagna-loving indoor cat, is about to have a wild outdoor adventure! After an unexpected reunion with his long-lost father – scruffy street cat Vic – Garfield and his canine friend Odie are forced from their perfectly pampered life into joining Vic in a hilarious, high-stakes heist.",2024,7.081,resilience|trauma healing,0.9
218,The Terminator,"[28, 53, 878]","In the post-apocalyptic future, reigning tyrannical supercomputers teleport a cyborg assassin known as the ""Terminator"" back to 1984 to kill Sarah Connor, whose unborn son is destined to lead insurgents against 21st century mechanical hegemony. Meanwhile, the human-resistance movement dispatches a lone warrior to safeguard Sarah. Can he stop the virtually indestructible killing machine?",1984,7.663,resilience|trauma healing,0.59
714675,The American,[18],"American ballet dancer Joy Womack is accepted into Moscow's infamously tough Bolshoi Ballet Academy, with the dream of becoming a great ballerina.",2023,6.7,resilience|trauma healing,0.89
823464,Godzilla x Kong: The New Empire,"[28, 12, 878]","Following their explosive showdown, Godzilla and Kong must reunite against a colossal undiscovered threat hidden within our world, challenging their very existence – and our own.",2024,7.107,trauma healing|resilience,0.77
61108,Emmanuelle 6,"[18, 10749]",Journey with Emmanuelle and the world's most excuisite models deep into the Venezuelan Amazon jungle to the heart of paradise. Beauty can be dangerous and the women soon find themselves captive to a powerful drug lord. Now they must escape from a land of darkness,1988,4.036,resilience|trauma healing,0.31
19995,Avatar,"[28, 12, 14, 878]","In the 22nd century, a paraplegic Marine is dispatched to the moon Pandora on a unique mission, but becomes torn between following orders and protecting an alien civilization.",2009,7.588,resilience|trauma healing,0.84
1318917,Chasing the Wind,[10749],"Two heirs of a company; Ege Yazici and Asli Mansoy are against each other about the future of the company. Asli is completely a city-girl while Ege belongs to Çesme. Will they realize how similar they are, despite all their differences?",2025,5.3,resilience|trauma healing,0.35
615453,Ne Zha,"[16, 14, 12]","The Primus extracts a Mixed Yuan Bead into a Spirit Seed and a Demon Pill. The Spirit Seed can be reincarnated as a human to help King Zhou establish a new dynasty, whereas the Demon Pill will create a devil threatening humanity. Ne Zha is the one who is destined to be the hero, but instead he becomes a devil incarnate, because the Spirit Seed and a Demon Pill are switched.",2019,7.901,resilience|trauma healing,0.42
667538,Transformers: Rise of the Beasts,"[878, 12, 28]","When a new threat capable of destroying the entire planet emerges, Optimus Prime and the Autobots must team up with a powerful faction known as the Maximals. With the fate of humanity hanging in the balance, humans Noah and Elena will do whatever it takes to help the Transformers as they engage in the ultimate battle to save Earth.",2023,7.2,trauma healing|resilience,0.93
674,Harry Potter and the Goblet of Fire,"[12, 14]","When Harry Potter's name emerges from the Goblet of Fire, he becomes a competitor in a grueling battle for glory among three wizarding schools—the Triwizard Tournament. But since Harry never submitted his name for the Tournament, who did? Now Harry must confront a deadly dragon, fierce water demons and an enchanted maze only to find himself in the cruel grasp of He Who Must Not Be Named.",2005,7.802,trauma healing|resilience,0.88
603692,John Wick: Chapter 4,"[28, 53, 80]","With the price on his head ever increasing, John Wick uncovers a path to defeating The High Table. But before he can earn his freedom, Wick must face off against a new enemy with powerful alliances across the globe and forces that turn old friends into foes.",2023,7.7,trauma healing|resilience,0.84
8587,The Lion King,"[10751, 16, 18]","Young lion prince Simba, eager to one day become king of the Pride Lands, grows up under the watchful eye of his father Mufasa; all the while his villainous uncle Scar conspires to take the throne for himself. Amid betrayal and tragedy, Simba must confront his past and find his rightful place in the Circle of Life.",1994,8.3,trauma healing|resilience,0.59
1299372,The Wailing,[27],"Andrea, in search of her biological family, feels stalked by an invisible threat. Other women before them have suffered the same fate. Twenty years earlier, on the other side of the world, Camille, fascinated by Marie, tries to warn her of a threat hanging over her.",2024,6.3,trauma healing|resilience,0.62
27449,Baby Face,[18],"A young woman uses her body and her sexuality to help her climb the social ladder, but soon begins to wonder if her new status will ever bring her happiness.",1933,7.3,trauma healing|resilience,0.63
672,Harry Potter and the Chamber of Secrets,"[12, 14]","Cars fly, trees fight back, and a mysterious house-elf comes to warn Harry Potter at the start of his second year at Hogwarts. Adventure and danger await when bloody writing on a wall announces: The Chamber Of Secrets Has Been Opened. To save Hogwarts will require all of Harry, Ron and Hermione’s magical abilities and courage.",2002,7.71,trauma healing|resilience,0.79
1269732,The Legend of Condor Hero: What is Love,"[28, 14, 12]","Yang Guo, orphaned and wandering since childhood, became a disciple of Guo Jing but faced bullying in the Quanzhen Sect due to his mysterious background. He eventually left to study martial arts under Xiao Longnv. Meanwhile, King Jinlun and rogue disciple Li Mochou sought to seize martial arts secrets and strategic maps. Caught in the conflicts of the martial world, Yang Guo and Xiao Longnv faced numerous challenges, and their bond deepened into a bittersweet love.",2025,5.1,trauma healing|resilience,0.35
346698,Barbie,"[35, 12]","Barbie and Ken are having the time of their lives in the colorful and seemingly perfect world of Barbie Land. However, when they get a chance to go to the real world, they soon discover the joys and perils of living among humans.",2023,6.983,trauma healing|resilience,0.8
1116490,Cash Out,"[28, 53]","Criminal mastermind Mason is about to execute the score of a lifetime when his lover and key member of his crew, Decker, takes the team down and reveals she’s an undercover Interpol agent. Heartbroken, Mason escapes and retires from the life of crime until his younger brother Shawn is out of his league taking on a big bank heist all on his own. Mason has no choice left but to come to the rescue, while Interpol brings Decker in hoping to unnerve him. Before the SWAT teams storm the bank, Mason must use every tool in his arsenal to not only escape with the prize, but also the love of his life.",2024,6.313,resilience|trauma healing,0.46
420818,The Lion King,"[12, 18, 10751, 16]","Simba idolizes his father, King Mufasa, and takes to heart his own royal destiny. But not everyone in the kingdom celebrates the new cub's arrival. Scar, Mufasa's brother—and former heir to the throne—has plans of his own. The battle for Pride Rock is ravaged with betrayal, tragedy and drama, ultimately resulting in Simba's exile. With help from a curious pair of newfound friends, Simba will have to figure out how to grow up and take back what is rightfully his.",2019,7.111,resilience|trauma healing,0.88
797271,Counterattack,"[28, 9648, 53]",Security expert Lu Zi Ming is hired to work at an oil and gas plant project bidding event. He is framed by several of the parties involved. In order to prove his innocence he must now devise the ultimate counter-attack.,2021,6.2,trauma healing|resilience,0.32
98,Gladiator,"[28, 18, 12]","After the death of Emperor Marcus Aurelius, his devious son takes power and demotes Maximus, one of Rome's most capable generals who Marcus preferred. Eventually, Maximus is forced to become a gladiator and battle to the death against other men for the amusement of paying audiences.",2000,8.218,trauma healing|resilience,0.74
1433593,El hilo rojo,"[18, 10749]","Abril, a rebellious and daring stewardess, and Manuel, a shy and traditional businessman, meet on a plane and instantly feel an undeniable attraction.",2025,8.0,resilience|trauma healing,0.48
1114926,The Good Half,"[35, 18]","Renn Wheeland returns home to Cleveland for his mother's funeral. Once there, he forges new relationships while healing old ones, before confronting his problems and trying to face his grief.",2024,5.8,trauma healing|resilience,0.48
14836,Coraline,"[16, 10751, 14]","Wandering her rambling old house in her boring new town, 11-year-old Coraline discovers a hidden door to a strangely idealized version of her life. In order to stay in the fantasy, she must make a frighteningly real sacrifice.",2009,7.891,resilience|trauma healing,0.46
271110,Captain America: Civil War,"[12, 28, 878]","Following the events of Age of Ultron, the collective governments of the world pass an act designed to regulate all superhuman activity. This polarizes opinion amongst the Avengers, causing two factions to side with Iron Man or Captain America, which causes an epic battle between former allies.",2016,7.444,resilience|trauma healing,0.74
98,Gladiator,"[28, 18, 12]","After the death of Emperor Marcus Aurelius, his devious son takes power and demotes Maximus, one of Rome's most capable generals who Marcus preferred. Eventually, Maximus is forced to become a gladiator and battle to the death against other men for the amusement of paying audiences.",2000,8.218,resilience|trauma healing,0.95
1433593,El hilo rojo,"[18, 10749]","Abril, a rebellious and daring stewardess, and Manuel, a shy and traditional businessman, meet on a plane and instantly feel an undeniable attraction.",2025,8.0,resilience|trauma healing,0.75
1114926,The Good Half,"[35, 18]","Renn Wheeland returns home to Cleveland for his mother's funeral. Once there, he forges new relationships while healing old ones, before confronting his problems and trying to face his grief.",2024,5.8,resilience|trauma healing,0.31
14836,Coraline,"[16, 10751, 14]","Wandering her rambling old house in her boring new town, 11-year-old Coraline discovers a hidden door to a strangely idealized version of her life. In order to stay in the fantasy, she must make a frighteningly real sacrifice.",2009,7.891,resilience|trauma healing,0.79
271110,Captain America: Civil War,"[12, 28, 878]","Following the events of Age of Ultron, the collective governments of the world pass an act designed to regulate all superhuman activity. This polarizes opinion amongst the Avengers, causing two factions to side with Iron Man or Captain America, which causes an epic battle between former allies.",2016,7.444,trauma healing|resilience,0.54
438631,Dune,"[878, 12]","Paul Atreides, a brilliant and gifted young man born into a great destiny beyond his understanding, must travel to the most dangerous planet in the universe to ensure the future of his family and his people. As malevolent forces explode into conflict over the planet's exclusive supply of the most precious resource in existence-a commodity capable of unlocking humanity's greatest potential-only those who can conquer their fear will survive.",2021,7.784,trauma healing|resilience,0.83
1084736,The Count of Monte Cristo,"[28, 12, 18]","Edmond Dantes becomes the target of a sinister plot and is arrested on his wedding day for a crime he did not commit. After 14 years in the island prison of Château d’If, he manages a daring escape. Now rich beyond his dreams, he assumes the identity of the Count of Monte-Cristo and exacts his revenge on the three men who betrayed him.",2024,8.0,trauma healing|resilience,0.6
244786,Whiplash,"[18, 10402]","Under the direction of a ruthless instructor, a talented young drummer begins to pursue perfection at any cost, even his humanity.",2014,8.376,resilience|trauma healing,0.5
507086,Jurassic World Dominion,"[12, 28, 878]","Four years after Isla Nublar was destroyed, dinosaurs now live—and hunt—alongside humans all over the world. This fragile balance will reshape the future and determine, once and for all, whether human beings are to remain the apex predators on a planet they now share with history's most fearsome creatures.",2022,6.676,trauma healing|resilience,0.43
26389,From Paris with Love,"[28, 80, 53]","James Reese has a good job as an ambassador's aid in France, but his real passion is a side gig—working in a minor role in the CIA. He would love to be a full-fledged agent and can't believe his luck when he lands an assignment with Charlie Wax. Trigger-happy Charlie soon has James crying for his desk job, but when he learns that the same guys they're trying to catch are after him, James realises that Charlie may be his only hope of survival.",2010,6.3,trauma healing|resilience,0.77
585,"Monsters, Inc.","[16, 35, 10751]","Lovable Sulley and his wisecracking sidekick Mike Wazowski are the top scare team at Monsters, Inc., the scream-processing factory in Monstropolis. When a little girl named Boo wanders into their world, it's the monsters who are scared silly, and it's up to Sulley and Mike to keep her out of sight and get her back home.",2001,7.8,trauma healing|resilience,0.39
22,Pirates of the Caribbean: The Curse of the Black Pearl,"[12, 14, 28]","After Port Royal is attacked and pillaged by a mysterious pirate crew, capturing the governor's daughter Elizabeth Swann in the process, William Turner asks free-willing pirate Jack Sparrow to help him locate the crew's ship—The Black Pearl—so that he can rescue the woman he loves.",2003,7.808,trauma healing|resilience,0.43
315162,Puss in Boots: The Last Wish,"[16, 12, 14, 35, 10751]","Puss in Boots discovers that his passion for adventure has taken its toll: He has burned through eight of his nine lives, leaving him with only one life left. Puss sets out on an epic journey to find the mythical Last Wish and restore his nine lives.",2022,8.2,resilience|trauma healing,0.74
150540,Inside Out,"[16, 10751, 12, 18, 35]","When 11-year-old Riley moves to a new city, her Emotions team up to help her through the transition. Joy, Fear, Anger, Disgust and Sadness work together, but when Joy and Sadness get lost, they must journey through unfamiliar places to get back home.",2015,7.911,resilience|trauma healing,0.58
944401,Dogman,"[28, 18, 80]","A boy, bruised by life, finds his salvation through the love of his dogs.",2023,7.899,resilience|trauma healing,0.57
51482,Death Note Relight 1: Visions of a God,"[10770, 80, 18, 14, 53, 16]","A recap of Death Note episodes 1–26, with new footage. When rogue shinigami Ryuk leaves his Death Note in the human world, he has no idea how far the one who finds it will take his new-found power. With the Death Note in hand, brilliant high school student Light Yagami vows to rid the world of evil.",2007,7.9,trauma healing|resilience,0.39
1395724,Chijin no Ai,[18],"Kawai Joji, an aspiring screenwriter who has won a screenplay competition but has yet to make his professional debut, meets a beautiful woman, Naomi, in a rundown bar one day. Naomi says she is working at the bar while aiming to become an actress. On another day, Joji is asked by his screenplay instructor if he would like to write a screenplay for a film based on Tanizaki Junichiro's ""A Fool's Love"" on his behalf. Joji is determined to succeed this time, but struggles to write the script. Meanwhile, Joji meets Naomi again, and the two of them quickly become closer, but...",2024,6.0,trauma healing|resilience,0.86
767,Harry Potter and the Half-Blood Prince,"[12, 14]","As Lord Voldemort tightens his grip on both the Muggle and wizarding worlds, Hogwarts is no longer a safe haven. Harry suspects perils may even lie within the castle, but Dumbledore is more intent upon preparing him for the final battle fast approaching. Together they work to find the key to unlock Voldemorts defenses and to this end, Dumbledore recruits his old friend and colleague Horace Slughorn, whom he believes holds crucial information. Even as the decisive showdown looms, romance blossoms for Harry, Ron, Hermione and their classmates. Love is in the air, but danger lies ahead and Hogwarts may never be the same again.",2009,7.685,trauma healing|resilience,0.51
1303236,GATAO: Like Father Like Son,"[80, 28]","Drug Prince Michael and Scorpion are seizing the old fellows' turfs, the gangs families tornado spins three nobodies who are trying to survive. You'll never know who's gonna get bit by reality through the alternation of generations?",2024,9.0,resilience|trauma healing,0.57
1129598,Prey,"[28, 53, 27]",A young couple is compelled to leave their Christian missionary station in the Kalahari Desert after being threatened with death by an extremist militant gang. After crashing their aircraft they must battle man and beast for their lives.,2024,6.2,resilience|trauma healing,0.58
